id,Name,Type,Latitude,Longitude,dateDesc,OpenTime,EndTime,Price,RecommendMinTime,RecommendMaxTime,Indoor,Popularity,ood_Type
0,长隆野生动物世界,游乐园/体育娱乐,23.007944,113.321711,全年,09:30,18:00,300.0,2.5,4.0,0,8,其它
1,广州长隆度假区,游乐园/体育娱乐,23.006399,113.330527,全年,00:00,24:00,0.0,2.5,4.0,0,8,其它
2,广州塔,人文景观,23.112223,113.331084,全年,09:30,22:30,149.0,0.5,1.5,0,8,"河边,约会圣地"
3,广州长隆国际大马戏,游乐园/体育娱乐,23.009036,113.337965,全年,15:00,21:00,350.0,1.0,2.0,1,8,其它
4,长隆欢乐世界,游乐园/体育娱乐,23.00481,113.33685,全年,10:00,18:00,250.0,2.5,4.0,0,8,其它
5,珠江夜游,游乐园/体育娱乐,23.115119,113.294879,全年,09:00,22:30,98.0,1.0,2.0,0,8,"江边,约会圣地"
6,长隆水上乐园,游乐园/体育娱乐,23.007665,113.330724,全年,10:00,21:30,69.0,2.0,3.0,0,8,其它
7,广东科学中心,游乐园/体育娱乐,23.045368,113.369589,全年,09:30,16:30,60.0,2.0,3.5,1,6,其它
8,陈家祠,历史古迹,23.132609,113.251995,全年,09:00,18:00,0.0,3.0,3.5,1,6,古风写真
9,长隆飞鸟乐园,游乐园/体育娱乐,23.031355,113.284204,全年,09:30,18:00,100.0,1.5,2.0,0,8,其它
10,沙面,历史古迹,23.112627,113.251119,全年,00:00,24:00,0.0,0.5,2.0,0,6,"古风写真,约会圣地"
11,广东省博物馆,博物馆/纪念馆,23.120537,113.33296,全年,00:00,24:00,0.0,2.5,4.0,1,6,其它
12,广州动物园,游乐园/体育娱乐,23.146478,113.311833,全年,08:00,18:00,0.0,3.0,4.0,0,7,其它
13,正佳广场商贸旅游区,商业街区,23.137807,113.333654,全年,10:00,22:00,0.0,3.0,3.5,1,6,其它
14,正佳极地海洋世界,游乐园/体育娱乐,23.137758,113.332856,全年,10:00,22:00,125.0,0.5,2.0,1,8,其它
15,南越王博物院(王墓展区),博物馆/纪念馆,23.143943,113.267507,全年,09:00,17:30,0.0,1.0,2.5,1,6,古风写真
16,中山纪念堂,红色景点,23.139129,113.271126,全年,09:00,17:30,8.0,2.0,3.5,1,6,其它
17,大佛古寺,历史古迹,23.128808,113.274392,全年,06:00,21:00,0.0,2.5,3.0,1,6,古风写真
18,白云山,自然风光,23.190623,113.306556,全年,00:00,24:00,0.0,1.0,2.0,0,6,其它
19,广州热雪奇迹,游乐园/体育娱乐,23.432566,113.23773,全年,10:30,20:30,198.0,1.5,3.0,1,8,其它
20,广州融创文旅城,游乐园/体育娱乐,23.435167,113.241125,全年,00:00,24:00,0.0,1.0,2.0,1,6,其它
21,中国科学院华南国家植物园,公园,23.188836,113.372578,全年,07:30,17:30,19.9,0.5,1.0,0,6,其它
23,北京路步行街,商业街区,23.127945,113.275422,全年,00:00,24:00,0.0,0.5,2.0,1,6,约会圣地
24,珠江夜游天字码头,游乐园/体育娱乐,23.120996,113.277576,全年,09:00,22:30,98.0,2.5,4.0,0,8,"江边,约会圣地"
25,越秀公园,公园,23.14608,113.272266,全年,00:00,22:00,0.0,0.5,2.0,0,6,其它
26,永庆坊,商业街区,23.120549,113.244008,全年,00:00,24:00,0.0,1.0,2.5,1,6,"古风写真,约会圣地"
27,西关永庆坊旅游区,文化旅游区,23.12075,113.244039,全年,00:00,24:00,0.0,2.5,4.0,1,6,"古风写真,约会圣地"
28,沙湾古镇,历史古迹,22.909439,113.340932,全年,09:00,17:30,30.0,1.5,3.0,0,6,古风写真
29,上下九步行街,商业街区,23.119805,113.252523,全年,00:00,24:00,0.0,3.0,4.0,0,8,约会圣地
30,广州圣心大教堂,历史古迹,23.120805,113.266558,全年,09:00,11:00,0.0,2.0,2.5,1,6,"古风写真,约会圣地"
31,广州融创乐园,游乐园/体育娱乐,23.435471,113.246764,全年,11:00,18:00,208.0,3.0,4.0,1,6,其它
32,白水寨风景名胜区,自然风光,23.599255,113.771154,全年,08:30,17:30,54.0,1.0,1.5,0,6,其它
33,岭南印象园,文化旅游区,23.043105,113.412924,全年,09:30,18:00,54.0,2.5,4.0,1,6,"古风写真,约会圣地"
34,黄埔军校旧址纪念馆,博物馆/纪念馆,23.092368,113.431318,全年,09:00,17:00,0.0,2.0,2.5,1,6,其它
35,宝墨园,文化旅游区,22.900712,113.300935,全年,08:30,17:00,48.0,2.0,2.5,1,5,古风写真
36,南沙天后宫,人文景观,22.762606,113.625188,全年,08:30,17:00,14.9,1.0,1.5,1,6,"海边,古风写真"
37,森林海嬉水乐园,游乐园/体育娱乐,23.573071,113.770945,全年,10:00,21:00,0.0,1.5,3.0,1,6,其它
38,广州博物馆,博物馆/纪念馆,23.143971,113.27211,全年,09:00,18:00,0.0,1.5,3.0,1,6,其它
39,珠江夜游广州塔财富码头,游乐园/体育娱乐,23.113208,113.333565,全年,09:00,22:30,108.0,1.5,3.0,0,8,"江边,约会圣地"
40,珠江夜游大沙头码头,游乐园/体育娱乐,23.118706,113.291887,全年,09:00,22:30,93.0,1.5,3.0,0,6,"江边,约会圣地"
42,余荫山房,历史古迹,23.017654,113.402024,全年,08:00,18:00,18.0,1.0,2.5,1,5,古风写真
43,莲花山旅游区,文化旅游区,22.993236,113.509893,全年,07:00,17:00,54.0,1.0,1.5,0,6,其它
44,广州海洋馆,游乐园/体育娱乐,23.149705,113.311261,全年,09:30,18:30,160.0,3.0,3.5,1,8,其它
45,海心沙亚运公园,公园,23.117202,113.331179,全年,07:00,23:00,0.0,1.0,2.0,0,6,"江边,约会圣地"
46,花城广场,商业街区,23.125752,113.331127,全年,00:00,24:00,0.0,0.5,1.0,0,8,其它
47,正佳雨林生态植物园,公园,23.137906,113.333565,全年,10:00,22:00,98.0,3.0,3.5,1,6,其它
48,广州都市双层观光巴士（粤陶巴）,游乐园/体育娱乐,23.113765,113.31604,全年,09:00,17:00,0.0,2.0,2.5,0,6,其它
49,广州兰圃,公园,23.149913,113.266761,全年,00:00,18:00,8.0,1.5,3.0,0,6,"古风写真,约会圣地"
50,海珠国家湿地公园,公园,23.072321,113.343072,全年,09:00,19:00,18.0,2.5,3.0,0,6,其它
51,正佳自然科学博物馆,博物馆/纪念馆,23.137456,113.334356,全年,10:00,20:00,40.0,2.5,4.0,1,6,其它
52,千泷沟大瀑布,自然风光,23.713006,113.865891,全年,09:00,18:00,58.0,0.5,1.0,0,6,其它
53,南越王博物院(王宫展区),历史古迹,23.1331,113.276352,全年,09:00,17:30,0.0,2.0,3.0,1,6,古风写真
54,广州塔阿尔法探索乐园,游乐园/体育娱乐,23.112223,113.331084,全年,15:00,22:00,378.0,1.5,3.0,1,6,其它
55,正佳企鹅冰雪世界,游乐园/体育娱乐,23.137465,113.333506,全年,11:00,20:00,158.0,1.0,1.5,1,6,其它
56,珠江夜游海心沙西区码头,游乐园/体育娱乐,23.116211,113.330131,全年,16:00,22:30,0.0,2.5,3.0,0,8,"江边,约会圣地"
57,天人山水大地艺术园,游乐园/体育娱乐,23.440908,113.594523,全年,10:00,19:00,58.0,0.5,1.0,1,6,其它
58,珠江夜游广州塔·中大码头,人文景观,23.109558,113.306007,全年,09:00,22:30,0.0,1.0,2.0,0,8,"江边,约会圣地"
59,海心桥,游乐园/体育娱乐,23.113958,113.325485,全年,07:00,23:00,0.0,2.0,2.5,0,6,"江边,约会圣地"
60,广州十三行博物馆,博物馆/纪念馆,23.114945,113.257572,全年,09:00,17:30,0.0,2.0,2.5,1,6,其它
62,荔枝湾涌,人文景观,23.125161,113.241536,全年,00:00,24:00,0.0,0.5,1.0,0,6,"河边,古风写真"
63,石门国家森林公园,公园,23.631008,113.788742,全年,09:00,19:00,40.0,1.0,2.0,0,6,其它
64,太古仓,商业街区,23.094555,113.259118,全年,00:00,24:00,0.0,2.0,3.5,1,6,"江边,约会圣地"
65,粤剧艺术博物馆,博物馆/纪念馆,23.121247,113.244769,全年,09:00,21:00,0.0,2.0,3.0,1,6,古风写真
67,大丰门景区,自然风光,23.589925,113.822522,全年,09:00,17:30,48.0,2.5,3.0,0,5,其它
68,广州荔枝湾游船,游乐园/体育娱乐,23.126744,113.240948,全年,09:30,17:00,0.0,0.5,1.5,0,6,"河边,约会圣地"
69,李小龙祖居,历史古迹,23.121135,113.243461,全年,08:30,21:30,0.0,0.5,1.5,1,5,其它
70,帷幕开啦（广州塔）蜡像馆,人文景观,23.112175,113.331955,全年,10:00,22:30,98.0,0.5,1.0,1,6,其它
71,幻境空间元宇宙体验馆(广州店),游乐园/体育娱乐,23.139917,113.328022,全年,10:00,22:00,59.9,2.5,4.0,1,6,其它
72,天鹿湖森林公园,公园,23.228718,113.426335,全年,09:00,17:00,5.0,2.0,3.5,0,6,其它
73,飞越丛林探险乐园,游乐园/体育娱乐,23.229421,113.432816,全年,09:00,17:30,65.0,0.5,2.0,0,6,其它
74,珠江新城,商业街区,23.124903,113.339912,全年,00:00,24:00,0.0,3.0,3.5,0,8,"江边,约会圣地"
75,荔湾湖公园,公园,23.126903,113.239395,全年,00:00,24:00,0.0,2.0,3.5,0,6,"河边,约会圣地"
76,珠江夜游西堤码头,人文景观,23.113222,113.258634,全年,16:00,22:30,0.0,0.5,1.0,0,8,"江边,约会圣地"
77,广州融创体育世界,游乐园/体育娱乐,23.431966,113.240339,全年,13:00,19:00,0.0,2.0,2.5,1,6,其它
78,中山大学（南校区）,大学校园,23.102915,113.304864,全年,09:00,18:00,0.0,3.0,4.0,1,6,其它
79,正佳科学馆·正佳天文馆,游乐园/体育娱乐,23.138001,113.333422,全年,10:00,20:00,0.0,1.0,1.5,1,6,其它
80,云台花园,公园,23.163796,113.29808,全年,00:00,18:00,0.0,2.0,3.0,1,6,其它
81,孙中山大元帅府纪念馆,博物馆/纪念馆,23.116337,113.285651,全年,08:30,17:30,0.0,2.0,3.0,1,6,其它
82,光孝寺,历史古迹,23.135332,113.263078,全年,08:30,16:30,0.0,2.0,2.5,1,6,古风写真
83,南沙湿地,自然风光,22.617149,113.654605,全年,09:00,17:00,36.0,3.0,4.0,0,6,"河边,约会圣地"
84,南沙游艇会,游乐园/体育娱乐,22.783418,113.608285,全年,09:00,21:00,0.0,2.5,4.0,0,6,"海边,约会圣地"
85,流溪河国家森林公园,自然风光,23.756617,113.789932,全年,08:00,17:00,20.0,0.5,1.0,0,6,河边
86,九龙湖度假区,游乐园/体育娱乐,23.480803,113.419942,全年,00:00,24:00,0.0,2.0,3.0,0,6,其它
87,黄金海岸水上乐园,游乐园/体育娱乐,23.110856,113.299853,全年,00:00,24:00,0.0,1.5,3.0,0,8,"海边,约会圣地"
88,白云飞索,游乐园/体育娱乐,23.191107,113.311189,全年,10:30,17:30,0.0,1.5,2.0,0,6,其它
89,广州市文化馆(新馆),美术馆/艺术馆,23.081787,113.33519,全年,09:00,17:30,0.0,2.5,4.0,1,6,其它
90,流花湖公园,公园,23.143355,113.257705,全年,00:00,22:00,0.0,2.5,4.0,0,6,"河边,约会圣地"
91,圆玄道观,人文景观,23.405862,113.186642,全年,08:00,17:00,15.0,1.0,1.5,1,5,古风写真
92,南汉二陵博物馆,博物馆/纪念馆,23.053533,113.390497,全年,09:00,17:30,0.0,0.5,1.0,1,5,其它
93,黄花岗七十二烈士墓,红色景点,23.146964,113.300857,全年,06:30,21:00,0.0,1.0,2.0,0,6,其它
94,粤海关博物馆,博物馆/纪念馆,23.113315,113.257528,全年,09:00,16:00,0.0,1.0,2.0,1,5,"江边,古风写真"
95,广州图书馆,人文景观,23.122229,113.331974,全年,09:00,21:00,0.0,2.5,4.0,1,6,其它
96,花都香草世界,游乐园/体育娱乐,23.467507,113.267391,全年,09:00,18:00,65.0,2.0,2.5,1,5,其它
97,猎德大桥,人文景观,23.117739,113.340408,全年,00:00,24:00,0.0,2.5,4.0,0,5,"江边,约会圣地"
98,广州好普艺术博物馆,博物馆/纪念馆,23.1741,113.464,全年,09:00,18:00,0.0,1.0,2.0,1,5,其它
99,二沙岛,公园,23.115879,113.311347,全年,00:00,24:00,0.0,1.5,2.0,0,4,"江边,约会圣地"
101,正佳广场,商业街区,23.137887,113.333548,全年,10:00,22:00,0.0,0.5,1.5,1,6,其它
103,白云山索道,游乐园/体育娱乐,23.163525,113.302034,全年,09:00,18:00,0.0,1.5,2.0,0,6,其它
104,空中缆车,游乐园/体育娱乐,23.006068,113.324758,全年,10:30,17:30,0.0,1.0,2.5,0,6,其它
105,TIT创意园,人文景观,23.105729,113.33187,全年,00:00,21:00,0.0,1.0,2.0,1,6,其它
107,广州市都城隍庙,历史古迹,23.132731,113.2775,全年,00:00,17:00,0.0,1.0,2.0,1,6,古风写真
108,世间香境·七溪地,文化旅游区,23.536018,113.396561,全年,09:00,18:00,0.0,2.0,3.0,1,5,其它
109,长洲岛,自然风光,23.082388,113.442626,全年,00:00,24:00,0.0,0.5,1.0,0,6,"海边,约会圣地"
110,南海神庙,历史古迹,23.087583,113.504607,全年,09:00,17:00,20.0,1.0,2.5,0,6,古风写真
111,广州地铁博物馆,博物馆/纪念馆,23.101949,113.389465,全年,10:00,16:00,0.0,1.0,2.5,1,6,其它
112,黄埔古港,历史古迹,23.095461,113.396026,全年,00:00,24:00,0.0,3.0,4.0,0,6,"江边,古风写真"
113,溪头旅游村,文化旅游区,23.719128,113.873632,全年,00:00,24:00,100.0,1.5,3.0,0,6,其它
114,大浪淘沙(冼村路店),商业街区,23.12225,113.334984,全年,00:00,24:00,0.0,0.5,2.0,1,6,其它
115,头号玩家广东广州跳伞基地,游乐园/体育娱乐,23.141299,113.349842,全年,08:00,23:30,0.0,2.0,3.0,0,6,其它
116,辛亥革命纪念馆,博物馆/纪念馆,23.078246,113.426816,全年,09:00,17:00,0.0,3.0,3.5,1,6,其它
117,龙津西西关大屋区,历史古迹,23.125071,113.242277,全年,09:00,17:30,0.0,0.5,2.0,1,4,古风写真
118,广州水上巴士,游乐园/体育娱乐,23.112249,113.246822,全年,07:00,18:30,0.0,3.0,4.0,0,6,"江边,约会圣地"
119,广州市儿童公园,公园,23.190304,113.278107,全年,08:00,18:00,0.0,2.0,3.0,0,6,其它
120,海鸥岛,游乐园/体育娱乐,22.97941,113.531663,全年,00:00,24:00,0.0,2.0,2.5,0,5,"海边,约会圣地"
121,五羊石雕,人文景观,23.144145,113.269391,全年,00:00,22:00,0.0,0.5,1.5,0,6,其它
123,广州铁路博物馆,博物馆/纪念馆,23.117024,113.238448,全年,09:00,16:00,0.0,0.5,1.5,1,6,其它
124,南沙水鸟世界生态公园,公园,22.619486,113.643696,全年,09:00,17:00,0.0,0.5,1.0,0,6,"海边,约会圣地"
125,天河公园,公园,23.134103,113.371801,全年,06:30,22:00,0.0,3.0,3.5,0,6,约会圣地
126,广州艺术博物院,美术馆/艺术馆,23.149166,113.28707,全年,09:00,17:00,0.0,0.5,1.0,1,6,其它
127,疯狂的麦咭(广州体验馆),游乐园/体育娱乐,22.976506,113.308682,全年,13:00,22:00,0.0,1.5,2.0,1,6,其它
128,广东美术馆,美术馆/艺术馆,23.114039,113.313698,全年,09:00,17:00,0.0,1.0,2.0,1,6,其它
130,宝能广州国际体育演艺中心,游乐园/体育娱乐,23.181722,113.489011,全年,08:30,17:00,0.0,1.0,2.0,1,6,其它
131,保利世贸博览馆,博物馆/纪念馆,23.103718,113.372736,全年,00:00,24:00,0.0,2.0,3.0,1,6,其它
132,客村,商业街区,23.101735,113.325925,全年,00:00,24:00,0.0,1.5,2.0,0,4,其它
133,农民运动讲习所旧址,红色景点,23.13386,113.28287,全年,09:00,17:30,0.0,2.5,3.0,1,4,其它
134,广州华夏世嘉都市乐园,游乐园/体育娱乐,23.195674,113.600847,全年,10:00,21:00,0.0,0.5,1.5,1,6,其它
135,广州钧明欢乐世界,游乐园/体育娱乐,23.195372,113.599518,全年,10:00,20:00,0.0,1.5,2.0,1,6,其它
136,白江湖森林公园,公园,23.503464,113.915041,全年,08:00,19:00,10.0,0.5,2.0,0,6,其它
137,琶洲港澳客运口岸,人文景观,23.110248,113.373718,全年,09:00,18:00,0.0,0.5,1.0,1,5,其它
138,广州青少年科技馆,博物馆/纪念馆,23.148823,113.278079,全年,09:30,17:00,0.0,2.0,3.0,1,6,其它
139,广州文化公园,公园,23.115633,113.257337,全年,07:00,21:30,0.0,2.0,3.0,1,6,其它
140,爱群大厦,商业街区,23.115593,113.263623,全年,00:00,24:00,0.0,2.5,4.0,1,5,其它
141,广州翼·空港文旅小镇,文化旅游区,23.360714,113.299584,全年,00:00,24:00,0.0,2.0,2.5,0,6,其它
143,六榕寺,历史古迹,23.134141,113.266451,全年,08:00,16:30,0.0,2.0,2.5,1,5,古风写真
145,东山湖公园,公园,23.122361,113.298465,全年,00:00,21:30,0.0,0.5,1.5,0,6,"河边,约会圣地"
146,荔湾博物馆,博物馆/纪念馆,23.125681,113.242686,全年,09:00,17:00,0.0,3.0,3.5,1,6,古风写真
147,三元里人民抗英斗争纪念馆,红色景点,23.166898,113.266612,全年,09:00,18:00,0.0,2.0,3.0,1,4,其它
149,春阳台,人文景观,23.341129,113.095442,全年,10:00,18:00,60.0,0.5,1.0,1,6,其它
150,有马空间(琶洲店),游乐园/体育娱乐,23.103843,113.363278,全年,00:00,24:00,0.0,1.0,2.0,1,4,其它
151,琶洲塔,历史古迹,23.105305,113.382269,全年,00:00,24:00,0.0,1.0,2.0,0,5,"江边,古风写真"
153,广东省凉茶博物馆,博物馆/纪念馆,23.185393,113.456405,全年,09:00,17:00,0.0,3.0,3.5,1,4,其它
154,珠江琶醍啤酒文化创意艺术区,文化旅游区,23.112566,113.346401,全年,17:30,02:00,0.0,2.0,3.0,1,6,"江边,约会圣地"
155,摩星岭,自然风光,23.188995,113.307707,全年,00:00,24:00,0.0,2.5,4.0,0,6,其它
156,五指山,自然风光,23.741667,113.81041,全年,08:00,17:00,20.0,2.0,3.0,0,6,其它
157,广州山谷国际旅游度假区,游乐园/体育娱乐,23.478783,113.597056,全年,09:30,17:30,0.0,1.5,2.0,0,6,其它
158,大夫山森林公园,公园,22.956343,113.315528,全年,08:00,18:00,0.0,2.5,3.0,0,6,其它
160,广东科学馆,博物馆/纪念馆,23.139717,113.2697,全年,09:30,16:30,0.0,1.0,1.5,1,6,其它
162,海珠湖公园,公园,23.078539,113.330994,全年,08:00,20:00,0.0,0.5,1.5,0,6,"河边,约会圣地"
163,沙面堂,历史古迹,23.112754,113.248153,全年,00:00,24:00,0.0,3.0,3.5,1,5,"古风写真,约会圣地"
166,天河体育中心,游乐园/体育娱乐,23.143232,113.331575,全年,06:00,22:00,0.0,3.0,4.0,1,6,其它
167,星海音乐厅,美术馆/艺术馆,23.113815,113.31217,全年,00:00,20:30,0.0,1.0,1.5,1,6,其它
168,珠江公园,公园,23.127287,113.347168,全年,00:00,22:00,0.0,2.0,3.0,0,6,"江边,约会圣地"
169,黄大仙祠,人文景观,23.101465,113.233717,全年,00:00,17:30,0.0,3.0,4.0,1,6,古风写真
170,九龙湖生态公园,公园,23.47724,113.425418,全年,09:00,17:00,55.0,1.0,2.5,0,6,"河边,约会圣地"
171,番禺儿童公园,游乐园/体育娱乐,22.967148,113.373662,全年,08:00,21:30,0.0,1.5,3.0,0,6,其它
172,越秀山,公园,23.144092,113.269578,全年,00:00,21:00,0.0,3.0,3.5,0,6,其它
173,广州国际金融中心-西塔,商业街区,23.123486,113.329659,全年,10:00,22:00,0.0,3.0,3.5,1,6,其它
174,天河路商圈,商业街区,23.147072,113.336053,全年,00:00,24:00,0.0,0.5,1.0,1,8,其它
175,广州鲁迅纪念馆,博物馆/纪念馆,23.130224,113.283364,全年,09:00,17:00,0.0,1.0,2.0,1,6,其它
176,三元宫,历史古迹,23.141037,113.269674,全年,00:00,17:00,0.0,1.0,2.0,1,5,古风写真
177,白云山国家级风景名胜区-玻璃桥,自然风光,23.176297,113.308671,全年,08:30,17:00,0.0,2.0,2.5,0,6,其它
178,南粤苑,人文景观,22.904203,113.295986,全年,08:30,17:30,42.0,1.5,2.0,1,6,其它
179,广东奥体中心,游乐园/体育娱乐,23.146083,113.418268,全年,00:00,24:00,0.0,1.5,2.0,1,6,其它
180,TaxiWay飞行中心(广州塔店),游乐园/体育娱乐,23.112219,113.331153,全年,10:00,22:00,288.0,1.0,2.0,1,6,其它
181,广东省古村落小洲村,历史古迹,23.068246,113.364821,全年,00:00,24:00,0.0,3.0,4.0,0,5,古风写真
182,马岭观花植物园,公园,23.48092,113.115289,全年,09:00,17:30,79.9,2.0,2.5,1,5,其它
183,流溪河,自然风光,23.309788,113.288276,全年,00:00,24:00,0.0,0.5,1.0,0,6,"河边,约会圣地"
184,天池,自然风光,22.988796,113.512643,全年,00:00,24:00,0.0,1.5,2.0,0,8,其它
185,七彩澳游世界,游乐园/体育娱乐,23.327309,113.703262,全年,09:30,18:00,52.9,2.0,2.5,1,6,其它
186,华林禅寺,历史古迹,23.122428,113.253216,全年,00:00,17:00,0.0,2.0,2.5,1,6,其它
187,帽峰山景区,自然风光,23.308856,113.463457,全年,00:00,17:00,10.0,0.5,1.0,0,6,其它
188,虎门大桥,人文景观,22.792189,113.614387,全年,00:00,24:00,0.0,3.0,3.5,0,6,"江边,约会圣地"
189,孙中山纪念馆,博物馆/纪念馆,23.102519,113.303485,全年,08:00,17:00,0.0,1.0,2.0,1,6,其它
190,白云山风景名胜区-山顶公园,公园,23.177947,113.306399,全年,00:00,24:00,0.0,2.0,3.5,0,6,其它
191,天龙溪自然风景区,自然风光,23.541753,113.256538,全年,09:00,22:00,26.8,3.0,3.5,0,6,其它
192,广州市麓湖公园,公园,23.154881,113.289439,全年,00:00,24:00,0.0,0.5,1.5,0,6,其它
193,南沙滨海湿地景区,自然风光,22.75522,113.624057,全年,00:00,24:00,0.0,0.5,1.5,0,6,"海边,约会圣地"
194,深中大桥,游乐园/体育娱乐,22.564071,113.653126,全年,00:00,24:00,0.0,2.0,2.5,0,6,其它
195,桂峰村,人文景观,23.814063,114.013896,全年,00:00,24:00,0.0,1.0,2.0,0,5,其它
196,大河马水上世界,游乐园/体育娱乐,23.21988,113.331571,全年,10:00,18:00,55.0,2.0,3.5,0,6,"河边,约会圣地"
197,南沙大角山海滨公园,公园,22.756166,113.625676,全年,00:00,24:00,0.0,2.5,3.0,0,6,"海边,约会圣地"
198,广州野恩动物乐园,游乐园/体育娱乐,23.142399,113.331733,全年,10:00,22:00,0.0,1.5,2.0,0,6,其它
199,南沙滨海泳场,游乐园/体育娱乐,22.766857,113.62641,全年,09:00,18:00,0.0,1.0,2.0,0,6,"海边,约会圣地"
200,珠江夜游(海心沙东区码头),游乐园/体育娱乐,23.116329,113.333457,全年,16:00,22:30,0.0,2.5,3.0,0,8,"江边,约会圣地"
201,南沙十九涌,人文景观,22.60589,113.65163,全年,00:00,24:00,0.0,1.0,2.5,0,4,"海边,约会圣地"
202,广州海事博物馆,博物馆/纪念馆,23.085411,113.508844,全年,08:00,16:00,0.0,2.5,3.0,1,6,其它
203,白鹅潭大湾区艺术中心,美术馆/艺术馆,23.107106,113.246052,全年,09:00,17:00,0.0,2.5,4.0,1,6,其它
204,生态设计小镇,其它,23.708562,113.727591,全年,09:00,22:00,0.0,2.0,3.5,0,6,其它
205,西坊大院文化创意园,文化旅游区,22.943144,113.36367,全年,00:00,24:00,0.0,2.0,3.0,1,6,其它
206,广州白云国际会议中心,商业街区,23.194991,113.286075,全年,00:00,24:00,0.0,0.5,2.0,1,6,其它
209,鱼珠码头,人文景观,23.099873,113.436123,全年,00:00,23:30,0.0,2.0,3.0,0,4,"江边,约会圣地"
210,正佳赛博运动空间,游乐园/体育娱乐,23.13786,113.333634,全年,10:00,22:00,198.0,1.5,3.0,1,6,其它
214,番禺欢乐森林,游乐园/体育娱乐,23.016062,113.446159,全年,10:00,21:00,19.9,2.5,3.0,0,6,其它
215,长隆欢乐世界-欢乐摩天轮,游乐园/体育娱乐,23.003416,113.336111,全年,10:00,18:00,0.0,1.5,2.0,0,8,其它
216,广东民间工艺博物馆,博物馆/纪念馆,23.133185,113.252021,全年,09:00,18:00,0.0,0.5,1.5,1,6,其它
217,天河大观湿地公园,公园,23.184698,113.429953,全年,00:00,24:00,0.0,1.0,2.5,0,6,其它
218,奈尔宝家庭中心(悦汇城店),游乐园/体育娱乐,23.155555,113.249688,全年,10:00,21:00,0.0,2.5,3.0,1,6,其它
219,火炉山森林公园,公园,23.187005,113.396663,全年,00:00,24:00,0.0,1.0,2.0,0,6,其它
220,南沙慧谷超级堤,公园,22.747254,113.612978,全年,00:00,24:00,0.0,1.0,1.5,0,5,"海边,约会圣地"
221,百花园(三堂路店),公园,22.944376,113.367285,全年,11:00,14:00,0.0,2.0,3.0,1,4,其它
222,欧洲风情街,商业街区,22.929721,113.361494,全年,00:00,24:00,0.0,2.0,3.0,0,6,其它
223,碧水峡漂流,游乐园/体育娱乐,23.684252,113.770997,全年,13:30,16:30,35.0,0.5,1.5,0,6,"河边,约会圣地"
224,广州亚运城综合体育馆,游乐园/体育娱乐,22.947651,113.488521,全年,09:00,12:00,0.0,2.0,3.5,1,6,其它
225,怀圣寺,历史古迹,23.129071,113.265427,全年,00:00,24:00,0.0,2.0,2.5,1,4,其它
226,广州艺术博物院(新馆),美术馆/艺术馆,23.106824,113.332724,全年,09:00,17:00,0.0,0.5,1.5,1,6,其它
227,孙中山文献馆,博物馆/纪念馆,23.130477,113.277149,全年,09:30,17:30,0.0,1.0,1.5,1,5,古风写真
229,广东花都湖国家湿地公园,公园,23.387857,113.23775,全年,06:30,22:00,0.0,1.0,1.5,0,6,"河边,约会圣地"
230,夜上海(时尚天河商业广场店),商业街区,23.139698,113.331829,全年,10:00,22:00,0.0,0.5,1.0,1,6,其它
231,广州起义烈士陵园,红色景点,23.135765,113.292235,全年,00:00,21:00,0.0,0.5,1.5,0,6,其它
232,深井古村,历史古迹,23.082073,113.415391,全年,00:00,24:00,0.0,0.5,1.0,0,5,古风写真
233,广州极动公园,游乐园/体育娱乐,23.109833,113.42645,全年,10:00,21:00,0.0,2.0,3.5,0,6,其它
234,派潭镇,自然风光,23.496063,113.790665,全年,00:00,24:00,0.0,3.0,3.5,0,4,其它
235,安华汇欢乐舟主题乐园,游乐园/体育娱乐,23.223415,113.303516,全年,10:00,19:00,30.0,0.5,2.0,1,6,其它
236,海心沙亚运公园-海心沙广场,公园,23.119151,113.327574,全年,00:00,24:00,0.0,2.0,2.5,0,6,"江边,约会圣地"
237,OMG网红街,商业街区,23.045464,113.323994,全年,09:00,22:00,0.0,3.0,4.0,1,6,其它
238,荔湖公园,公园,23.247055,113.818367,全年,00:00,24:00,0.0,1.5,3.0,0,6,"河边,约会圣地"
239,广州悬空玻璃艺术馆（天河旗舰店）,美术馆/艺术馆,23.142293,113.330878,全年,10:00,22:00,39.9,2.0,3.0,1,6,其它
240,广州起义纪念馆,红色景点,23.130345,113.270873,全年,09:00,17:30,0.0,2.5,4.0,1,6,其它
241,石头记矿物园,公园,23.406978,113.167616,全年,09:00,18:00,55.0,1.0,2.0,1,5,其它
242,广东外事博物馆,博物馆/纪念馆,23.112228,113.254694,全年,09:00,11:30,0.0,1.0,2.0,1,4,其它
243,马尔代夫欢乐岛,游乐园/体育娱乐,23.136176,113.683563,全年,09:00,23:00,0.0,2.5,3.0,0,8,"海边,约会圣地"
244,宝趣玫瑰世界,游乐园/体育娱乐,23.627666,113.589991,全年,09:00,18:00,45.0,2.0,3.0,1,5,其它
245,王子山森林公园,公园,23.573497,113.222987,全年,00:00,17:00,0.0,2.0,2.5,0,6,其它
246,沙面岛-江边广场,人文景观,23.111167,113.25089,全年,00:00,24:00,0.0,0.5,1.0,0,6,"江边,约会圣地"
247,广东中医药博物馆,博物馆/纪念馆,23.06527,113.41211,全年,09:00,16:45,0.0,0.5,2.0,1,5,其它
248,林则徐纪念园,红色景点,23.118215,113.293276,全年,00:00,24:00,0.0,1.0,2.5,1,5,其它
250,神农草堂中医药博物馆,博物馆/纪念馆,23.202979,113.344502,全年,08:30,12:00,0.0,1.0,1.5,1,6,其它
251,广州独角兽星空艺术馆,美术馆/艺术馆,23.128956,113.273693,全年,10:00,22:00,39.8,0.5,1.5,1,6,其它
252,万博中心,商业街区,23.013736,113.349203,全年,09:00,17:30,0.0,0.5,2.0,1,6,其它
253,增江画廊,自然风光,23.262268,113.832543,全年,00:00,24:00,0.0,2.0,2.5,1,5,"江边,约会圣地"
254,曼古园,人文景观,23.408068,113.164816,全年,00:00,22:00,0.0,1.5,2.0,1,5,其它
255,黄埔军校史迹第一展馆,红色景点,23.092223,113.432175,全年,09:00,17:00,0.0,3.0,3.5,1,6,其它
256,四海马术,游乐园/体育娱乐,23.027175,113.454251,全年,09:30,11:00,0.0,3.0,4.0,0,6,其它
257,颠倒博物馆(捷登都会店),博物馆/纪念馆,23.13211,113.27208,全年,10:00,21:00,0.0,2.5,3.0,1,6,其它
258,广州近代史博物馆,博物馆/纪念馆,23.134641,113.289774,全年,09:00,17:30,0.0,1.0,2.5,1,6,其它
259,南平静修小镇,文化旅游区,23.556879,113.726403,全年,00:00,24:00,0.0,2.0,3.0,0,4,其它
260,南越国水关遗址(光明广场),历史古迹,23.128582,113.273819,全年,14:00,18:00,0.0,2.0,2.5,1,5,其它
262,天主教广州教区露德圣母堂,历史古迹,23.113254,113.254233,全年,06:00,17:00,0.0,3.0,3.5,1,4,其它
263,广州番禺直升机观光游览区,游乐园/体育娱乐,22.971341,113.52181,全年,09:00,21:00,499.0,2.0,2.5,0,6,其它
264,珠江夜游省总码头,人文景观,23.117493,113.268404,全年,17:00,21:30,0.0,0.5,1.0,0,8,"江边,约会圣地"
266,广州古城墙,历史古迹,23.142631,113.269913,全年,00:00,22:00,0.0,1.0,2.5,0,6,古风写真
267,广州名人蜡像馆,博物馆/纪念馆,23.111322,113.331595,全年,09:30,22:30,0.0,2.0,3.0,1,6,其它
268,海幢寺,历史古迹,23.111474,113.265451,全年,07:00,17:00,0.0,0.5,1.5,1,6,古风写真
270,韩江屋,历史古迹,23.034802,113.371985,全年,09:00,19:00,0.0,1.5,2.0,1,4,其它
271,海蚀洞,自然风光,23.113316,113.607356,全年,00:00,24:00,0.0,1.5,3.0,0,6,海边
272,中国共产党第三次全国代表大会会址纪念馆,红色景点,23.125053,113.302578,全年,09:00,17:30,0.0,0.5,1.5,1,6,其它
273,罗马帝国的艺术-那不勒斯国立考古博物馆藏文物精品展,博物馆/纪念馆,23.120486,113.332975,全年,09:00,17:00,0.0,1.0,2.0,1,6,其它
274,创客公园,公园,23.071633,113.297841,全年,00:00,24:00,0.0,0.5,2.0,1,5,其它
275,乘船探索秘境,自然风光,23.030921,113.28094,全年,11:00,17:00,0.0,3.0,3.5,0,6,"河边,约会圣地"
276,中山公园,公园,23.079364,113.423999,全年,00:00,24:00,0.0,2.0,3.5,0,6,其它
277,中央演艺广场,人文景观,23.005159,113.337564,全年,00:00,24:00,0.0,0.5,1.0,1,6,其它
278,广州民俗博物馆,博物馆/纪念馆,23.392541,113.198186,全年,09:00,17:00,0.0,3.0,3.5,1,6,古风写真
279,紫泥堂,人文景观,22.897389,113.291907,全年,00:00,24:00,0.0,1.0,2.0,1,4,其它
280,珠江夜游会展中心码头,游乐园/体育娱乐,23.110572,113.369801,全年,10:00,22:00,0.0,2.5,3.0,0,6,"江边,约会圣地"
281,广州不可思议运动街区,游乐园/体育娱乐,23.125892,113.27646,全年,10:00,22:00,0.0,2.5,3.0,1,6,其它
282,大吉沙,人文景观,23.087628,113.460518,全年,00:00,24:00,0.0,3.0,3.5,0,3,"河边,约会圣地"
283,蝴蝶谷,游乐园/体育娱乐,23.560945,113.231813,全年,08:30,18:00,0.0,2.5,4.0,0,6,其它
284,增城区正果镇正果老街景区,文化旅游区,23.423866,113.901193,全年,00:00,24:00,0.0,1.5,3.0,0,5,其它
285,花山小镇,人文景观,23.446089,113.291138,全年,09:00,22:00,0.0,2.5,3.0,0,6,其它
286,黄沙码头,人文景观,23.112267,113.246886,全年,06:00,22:00,0.0,2.0,3.0,0,5,"江边,约会圣地"
287,黄山鲁森林公园,公园,22.783267,113.577166,全年,00:00,16:30,0.0,0.5,2.0,0,6,其它
288,故乡里民俗文化村,文化旅游区,23.489996,113.0702,全年,09:00,17:00,58.0,1.0,2.0,1,5,其它
289,探洞工场(六元素旗舰店),游乐园/体育娱乐,23.102275,113.378826,全年,10:00,21:00,0.0,0.5,1.0,1,6,其它
290,卡洛卡太空森林亲子乐园,游乐园/体育娱乐,23.434425,113.24712,全年,10:00,20:00,0.0,2.5,3.0,1,6,其它
292,广州大学城体育中心,游乐园/体育娱乐,23.0609,113.397292,全年,14:00,22:00,0.0,0.5,1.0,0,6,其它
293,十八罗汉山森林公园,公园,22.792373,113.412964,全年,06:30,18:30,0.0,0.5,1.5,0,6,其它
294,黄埔军事主题园,游乐园/体育娱乐,23.078618,113.411678,全年,09:00,17:00,0.0,1.0,2.0,1,6,其它
295,仁威祖庙,历史古迹,23.128977,113.242168,全年,08:00,17:00,0.0,2.0,3.5,1,6,古风写真
296,鸭洞河小溪,自然风光,23.70448,113.733508,全年,00:00,24:00,0.0,2.5,3.0,0,4,河边
297,广州美术馆(新馆),美术馆/艺术馆,23.106533,113.332614,全年,09:00,17:30,0.0,0.5,1.0,1,6,其它
298,灵山岛尖,自然风光,22.778073,113.523847,全年,00:00,24:00,0.0,1.5,2.0,0,6,"江边,约会圣地"
299,留耕堂,历史古迹,22.910211,113.340343,全年,00:00,17:30,0.0,2.5,3.0,1,4,古风写真
300,洪秀全故居,红色景点,23.423379,113.179413,全年,09:00,17:00,0.0,1.5,3.0,1,4,其它
301,西郊游泳场,游乐园/体育娱乐,23.128977,113.234057,全年,07:00,21:30,34.8,1.0,2.0,0,5,其它
302,广州华侨博物馆,博物馆/纪念馆,23.119256,113.271033,全年,09:30,17:00,0.0,3.0,4.0,1,6,其它
303,蒲洲花园,公园,22.768203,113.6226,全年,00:00,19:00,0.0,3.0,3.5,0,5,其它
304,风云岭森林公园,公园,23.54756,113.570755,全年,00:00,24:00,0.0,0.5,2.0,0,6,其它
305,广州隧道博物馆,博物馆/纪念馆,22.764352,113.55845,全年,10:00,16:30,0.0,0.5,2.0,1,4,其它
306,孙中山先生故居,红色景点,23.092745,113.431038,全年,09:00,17:00,0.0,0.5,1.0,1,6,古风写真
307,港头村古村落,历史古迹,23.428573,113.401361,全年,00:00,24:00,0.0,2.0,3.5,0,5,古风写真
309,广州chi K11艺术空间,美术馆/艺术馆,23.123892,113.332952,全年,10:00,21:30,0.0,1.0,2.0,1,6,其它
310,中华全国总工会旧址,红色景点,23.125529,113.284248,全年,09:00,17:30,0.0,0.5,1.0,1,4,其它
311,广州白云湖公园,公园,23.234257,113.243843,全年,00:00,21:00,0.0,1.0,2.0,0,6,"河边,约会圣地"
312,广州体育馆,游乐园/体育娱乐,23.187879,113.284057,全年,09:00,22:00,0.0,1.0,2.5,1,6,其它
314,朗头村,历史古迹,23.345045,113.094007,全年,00:00,24:00,0.0,1.5,2.0,0,4,古风写真
315,广州雕塑公园,公园,23.156454,113.27673,全年,00:00,24:00,0.0,1.5,3.0,0,6,其它
316,奥咖HOKA光影剧场,游乐园/体育娱乐,23.145414,113.313542,全年,09:00,16:00,35.0,2.0,3.0,1,6,其它
317,人民公园,公园,23.133405,113.270815,全年,00:00,24:00,0.0,0.5,1.0,0,6,约会圣地
318,哈利波特(海珠新都荟店),游乐园/体育娱乐,23.07911,113.298414,全年,10:00,22:00,0.0,1.0,2.0,1,6,其它
319,南越国宫署遗址,历史古迹,23.133223,113.276322,全年,09:00,17:00,0.0,2.0,3.5,1,5,古风写真
320,滨海公园,公园,22.756007,113.625699,全年,00:00,24:00,0.0,0.5,1.0,0,6,"海边,约会圣地"
321,天湖旅游风景区,自然风光,23.655576,113.636903,全年,09:00,17:00,25.0,0.5,1.0,0,6,其它
322,萝岗香雪公园,公园,23.189269,113.533589,全年,00:00,24:00,0.0,0.5,1.0,0,6,其它
323,广州二龙山花园,公园,23.359062,113.736507,全年,09:00,17:30,0.0,1.5,2.0,0,6,其它
324,庙前夜市,商业街区,23.12929,113.300837,全年,18:00,24:00,0.0,2.0,3.0,0,6,其它
325,赤岗塔,历史古迹,23.107593,113.329276,全年,00:00,24:00,0.0,1.0,2.0,0,4,古风写真
326,广州融创大马戏-奇幻秘境,游乐园/体育娱乐,23.43547,113.246764,全年,10:00,20:00,0.0,2.0,2.5,1,6,其它
327,LPS在地公园,公园,23.125749,113.303105,全年,11:00,20:00,0.0,2.0,3.5,0,4,其它
328,广州市城市规划展览中心,博物馆/纪念馆,23.197644,113.284064,全年,09:00,17:00,0.0,2.0,3.0,1,6,其它
329,沿江路酒吧街,商业街区,23.039826,113.317041,全年,00:00,24:00,0.0,1.0,2.5,0,6,"江边,约会圣地"
330,观龙岛,自然风光,22.909307,113.490148,全年,00:00,24:00,0.0,2.0,2.5,0,4,河边
331,西关大宅门,历史古迹,23.124206,113.242879,全年,00:00,24:00,0.0,0.5,2.0,1,6,古风写真
332,广州体育文化博物馆,博物馆/纪念馆,23.144373,113.328775,全年,09:00,17:00,0.0,2.5,4.0,1,5,其它
333,考拉广场,商业街区,23.006163,113.321381,全年,00:00,24:00,0.0,2.5,4.0,1,4,其它
335,花都湿地公园,公园,23.394674,113.262518,全年,06:00,22:00,0.0,1.0,2.5,0,6,"河边,约会圣地"
337,黄埔村,历史古迹,23.100133,113.404609,全年,00:00,24:00,0.0,1.0,2.0,0,5,古风写真
338,北回归线公园,公园,23.444851,113.493292,全年,00:00,24:00,0.0,3.0,3.5,0,5,其它
339,珠江夜游(太古仓码头),人文景观,23.094724,113.258941,全年,09:00,22:00,108.0,1.5,2.0,0,8,"江边,约会圣地"
340,罗洞工匠小镇,人文景观,23.502871,113.624054,全年,09:00,17:00,0.0,2.0,3.5,1,4,其它
342,詹天佑故居纪念馆,博物馆/纪念馆,23.11889,113.246014,全年,10:00,17:30,0.0,3.0,3.5,1,4,其它
343,基督教救主堂,人文景观,23.126099,113.277701,全年,09:00,17:00,0.0,0.5,1.0,1,6,其它
344,马鞍山公园,公园,23.400687,113.244103,全年,00:00,24:00,0.0,0.5,1.0,0,5,其它
345,儿童天地展馆,游乐园/体育娱乐,23.045277,113.368971,全年,09:30,16:30,0.0,2.0,2.5,1,6,其它
346,邓世昌纪念馆,博物馆/纪念馆,23.107473,113.266899,全年,09:00,17:00,0.0,3.0,3.5,1,4,其它
347,艾米稻香小镇,文化旅游区,23.553413,113.566048,全年,00:00,24:00,0.0,0.5,1.0,0,5,其它
348,桃花小镇,文化旅游区,23.497222,113.621667,全年,00:00,23:00,0.0,0.5,1.0,0,5,其它
349,滴水岩森林公园,公园,22.911546,113.32154,全年,00:00,18:00,0.0,2.0,3.0,0,5,其它
350,广州城市双层观光巴士,游乐园/体育娱乐,23.121065,113.274234,全年,09:30,21:30,50.0,2.0,2.5,0,6,其它
351,大岭村,人文景观,22.990928,113.483917,全年,00:00,24:00,0.0,1.0,2.0,0,4,其它
352,1978文化创意产业园,文化旅游区,23.302686,113.850166,全年,00:00,24:00,0.0,2.0,2.5,1,6,其它
353,一方乐田都市农园,公园,23.079113,113.310354,全年,09:30,22:30,37.4,3.0,4.0,0,5,其它
354,龟岗民国建筑群,历史古迹,23.127913,113.300049,全年,00:00,24:00,0.0,1.0,2.5,1,4,古风写真
355,南沙欢乐世界,游乐园/体育娱乐,22.905648,113.403675,全年,10:00,19:00,0.0,2.0,3.0,1,6,其它
356,岭南金融博物馆,博物馆/纪念馆,23.130111,113.273057,全年,09:00,17:00,0.0,1.0,2.0,1,5,其它
357,花果山公园,公园,23.395248,113.225884,全年,00:00,24:00,0.0,1.0,1.5,0,6,其它
358,广州8号艺术晒谷场,人文景观,23.033539,113.438048,全年,00:00,24:00,0.0,0.5,1.0,1,4,其它
359,笑平园休闲科教农场,公园,23.469808,113.192439,全年,09:30,19:00,24.9,2.0,3.5,0,4,其它
362,广州翔云跳伞俱乐部(增城基地),游乐园/体育娱乐,23.281304,113.82263,全年,00:00,23:30,0.0,2.0,3.0,0,6,其它
363,海傍水乡,自然风光,22.948095,113.472611,全年,00:00,24:00,0.0,2.5,3.0,0,6,"河边,约会圣地"
364,石基,历史古迹,22.956489,113.432973,全年,00:00,24:00,0.0,1.5,2.0,0,3,其它
365,桃花涧,自然风光,23.197683,113.313586,全年,00:00,24:00,0.0,2.5,3.0,0,6,其它
366,晓港公园,公园,23.102924,113.287264,全年,00:00,21:00,0.0,2.0,3.5,0,5,其它
367,新塘公园,公园,23.125106,113.624689,全年,00:00,24:00,0.0,0.5,1.0,0,4,其它
368,南平村,红色景点,23.554016,113.723738,全年,00:00,24:00,0.0,2.0,3.0,0,3,其它
369,洲头咀公园,公园,23.107862,113.252296,全年,00:00,24:00,0.0,2.0,3.0,0,5,"江边,约会圣地"
370,沙面街文化站,文化旅游区,23.113885,113.251112,全年,09:30,11:30,0.0,1.0,2.5,1,4,其它
371,美华航空航天科普基地,游乐园/体育娱乐,23.422687,113.25454,全年,08:00,18:00,0.0,0.5,1.5,1,6,其它
372,黄埔公园,公园,23.104145,113.458325,全年,00:00,21:00,0.0,0.5,2.0,0,6,"江边,约会圣地"
373,海珠桥,历史古迹,23.117869,113.273947,全年,00:00,24:00,0.0,3.0,4.0,0,6,"江边,约会圣地"
